{"f1_accuracy_default": 0.8736310025273799, "pr_accuracy_default": 0.8955094991364422, "rec_accuracy_default": 0.852796052631579, "auc_score_default": 0.9944596651186559, "thresholds": [0.4, 0.41000000000000003, 0.42, 0.43, 0.44, 0.45, 0.46, 0.47, 0.48, 0.49, 0.5, 0.51, 0.52, 0.53, 0.54, 0.55, 0.56, 0.5700000000000001, 0.58, 0.59, 0.6], "threshold_f1s": [0.8723492723492724, 0.8723492723492724, 0.8734388009991673, 0.8752607425949104, 0.8751565762004174, 0.8754180602006689, 0.874947720618988, 0.8751047778709138, 0.8740554156171284, 0.8743169398907104, 0.8736310025273799, 0.873999157184998, 0.8730493462673977, 0.8729421696918531, 0.8733108108108109, 0.8722504230118443, 0.8720338983050847, 0.8727735368956743, 0.8725573491928632, 0.8712702472293266, 0.8723858301323091], "threshold_precs": [0.8822539949537427, 0.8822539949537427, 0.8844856661045531, 0.8882303132938189, 0.8888888888888888, 0.8903061224489796, 0.8902127659574468, 0.8923076923076924, 0.8927958833619211, 0.8942390369733448, 0.8955094991364422, 0.8962834917891098, 0.8961038961038961, 0.8967909800520382, 0.8975694444444444, 0.8980836236933798, 0.8994755244755245, 0.9010507880910683, 0.9024604569420035, 0.904424778761062, 0.906832298136646], "threshold_recalls": [0.8626644736842105, 0.8626644736842105, 0.8626644736842105, 0.8626644736842105, 0.8618421052631579, 0.8610197368421053, 0.8601973684210527, 0.8585526315789473, 0.8560855263157895, 0.8552631578947368, 0.852796052631579, 0.852796052631579, 0.8511513157894737, 0.850328947368421, 0.850328947368421, 0.8478618421052632, 0.8462171052631579, 0.8462171052631579, 0.8445723684210527, 0.8404605263157895, 0.8404605263157895]}