{"f1_accuracy_default": 0.7586891757696127, "pr_accuracy_default": 0.9573934837092731, "rec_accuracy_default": 0.6282894736842105, "auc_score_default": 0.9836131115596338, "thresholds": [0.4, 0.41000000000000003, 0.42, 0.43, 0.44, 0.45, 0.46, 0.47, 0.48, 0.49, 0.5, 0.51, 0.52, 0.53, 0.54, 0.55, 0.56, 0.5700000000000001, 0.58, 0.59, 0.6], "threshold_f1s": [0.7817836812144212, 0.779467680608365, 0.7757633587786259, 0.7753346080305926, 0.7769230769230768, 0.7774022211492033, 0.772594752186589, 0.7706601466992666, 0.7617168228909718, 0.7597820703318475, 0.7586891757696127, 0.7568373943311786, 0.7569721115537849, 0.7554890219560878, 0.7553776888444222, 0.7528822055137845, 0.7478610971313537, 0.744702320887992, 0.7440686521958606, 0.7419028340080972, 0.7403651115618661], "threshold_precs": [0.9237668161434978, 0.9234234234234234, 0.9238636363636363, 0.9257990867579908, 0.9351851851851852, 0.9415204678362573, 0.9441805225653207, 0.9505428226779252, 0.9519112207151664, 0.9551681195516812, 0.9573934837092731, 0.9572327044025157, 0.9595959595959596, 0.9606598984771574, 0.9642401021711366, 0.9640564826700898, 0.9636835278858625, 0.9634464751958225, 0.9633986928104575, 0.9644736842105263, 0.9656084656084656], "threshold_recalls": [0.6776315789473685, 0.6743421052631579, 0.6685855263157895, 0.6669407894736842, 0.6644736842105263, 0.6620065789473685, 0.6537828947368421, 0.6480263157894737, 0.6348684210526315, 0.6307565789473685, 0.6282894736842105, 0.6258223684210527, 0.625, 0.6225328947368421, 0.6208881578947368, 0.6175986842105263, 0.6110197368421053, 0.6069078947368421, 0.6060855263157895, 0.602796052631579, 0.600328947368421]}