{"f1_accuracy_default": 0.6925498426023085, "pr_accuracy_default": 0.9565217391304348, "rec_accuracy_default": 0.5427631578947368, "auc_score_default": 0.9754872355053306, "thresholds": [0.4, 0.41000000000000003, 0.42, 0.43, 0.44, 0.45, 0.46, 0.47, 0.48, 0.49, 0.5, 0.51, 0.52, 0.53, 0.54, 0.55, 0.56, 0.5700000000000001, 0.58, 0.59, 0.6], "threshold_f1s": [0.7224448897795591, 0.7216909914443884, 0.72, 0.7169042769857433, 0.714431934493347, 0.7135523613963038, 0.7119341563786008, 0.709278350515464, 0.7072792978833248, 0.702028081123245, 0.6925498426023085, 0.6867406233491811, 0.6819148936170213, 0.6784188034188035, 0.6787814003206841, 0.6784376672017123, 0.678093197643278, 0.6763285024154588, 0.6756176154672395, 0.673842841765339, 0.6724137931034483], "threshold_precs": [0.9243589743589744, 0.9299610894941635, 0.9367588932806324, 0.9411764705882353, 0.94579945799458, 0.9494535519125683, 0.9505494505494505, 0.9502762430939227, 0.9500693481276006, 0.9547383309759547, 0.9565217391304348, 0.9601181683899557, 0.9653614457831325, 0.9679878048780488, 0.9694656488549618, 0.9709035222052067, 0.9723502304147466, 0.973724884080371, 0.9736842105263158, 0.9750778816199377, 0.975], "threshold_recalls": [0.5929276315789473, 0.5896381578947368, 0.584703947368421, 0.5789473684210527, 0.5740131578947368, 0.571546052631579, 0.569078947368421, 0.5657894736842105, 0.5633223684210527, 0.5550986842105263, 0.5427631578947368, 0.5345394736842105, 0.5271381578947368, 0.522203947368421, 0.522203947368421, 0.5213815789473685, 0.5205592105263158, 0.5180921052631579, 0.5172697368421053, 0.5148026315789473, 0.5131578947368421]}