{"f1_accuracy_default": 0.8901239846088072, "pr_accuracy_default": 0.9269813000890472, "rec_accuracy_default": 0.8560855263157895, "auc_score_default": 0.9954523954425761, "thresholds": [0.4, 0.41000000000000003, 0.42, 0.43, 0.44, 0.45, 0.46, 0.47, 0.48, 0.49, 0.5, 0.51, 0.52, 0.53, 0.54, 0.55, 0.56, 0.5700000000000001, 0.58, 0.59, 0.6], "threshold_f1s": [0.8891698272229246, 0.8898269311945969, 0.889264581572274, 0.890393567498942, 0.8910555320050869, 0.8904923599320882, 0.8905917411664539, 0.8904051172707889, 0.8899317406143344, 0.8902178556172575, 0.8901239846088072, 0.8900299529311083, 0.8894601542416453, 0.8885077186963979, 0.8872633390705681, 0.8853448275862068, 0.8847647820457488, 0.8837008214440122, 0.8824295010845987, 0.8812527185732928, 0.8791975577845617], "threshold_precs": [0.9118409680207433, 0.9141370338248048, 0.9147826086956522, 0.9171752397558849, 0.9195100612423447, 0.9201754385964912, 0.9232127096204766, 0.9247121346324181, 0.924645390070922, 0.9262222222222222, 0.9269813000890472, 0.927743086529884, 0.9284436493738819, 0.9283154121863799, 0.9305054151624549, 0.9302536231884058, 0.9309718437783833, 0.9316317228805834, 0.9338842975206612, 0.9353647276084949, 0.935933147632312], "threshold_recalls": [0.8675986842105263, 0.8667763157894737, 0.8651315789473685, 0.8651315789473685, 0.8643092105263158, 0.8626644736842105, 0.8601973684210527, 0.8585526315789473, 0.8577302631578947, 0.8569078947368421, 0.8560855263157895, 0.8552631578947368, 0.8536184210526315, 0.8519736842105263, 0.8478618421052632, 0.8445723684210527, 0.8429276315789473, 0.8404605263157895, 0.8363486842105263, 0.8330592105263158, 0.8289473684210527]}