{"f1_accuracy_default": 0.8889819857561793, "pr_accuracy_default": 0.9060631938514091, "rec_accuracy_default": 0.8725328947368421, "auc_score_default": 0.9944486380236244, "thresholds": [0.4, 0.41000000000000003, 0.42, 0.43, 0.44, 0.45, 0.46, 0.47, 0.48, 0.49, 0.5, 0.51, 0.52, 0.53, 0.54, 0.55, 0.56, 0.5700000000000001, 0.58, 0.59, 0.6], "threshold_f1s": [0.8884297520661156, 0.8887050062060405, 0.8893493576460837, 0.8892575694732475, 0.8903654485049833, 0.8896293211162016, 0.8894451397580309, 0.8887959866220735, 0.8883312421580929, 0.8878661087866109, 0.8889819857561793, 0.8884228187919463, 0.8877679697351828, 0.8868321413546486, 0.8874841972187104, 0.8870151770657672, 0.8873892872205821, 0.8887949260042284, 0.8877594239728928, 0.8871925360474978, 0.8856778580535486], "threshold_precs": [0.8928571428571429, 0.8942547876769359, 0.8964076858813701, 0.897071129707113, 0.8993288590604027, 0.9012658227848102, 0.9026248941574937, 0.9039115646258503, 0.9038297872340425, 0.903747870528109, 0.9060631938514091, 0.9066780821917808, 0.9079965606190885, 0.9078380706287683, 0.9101123595505618, 0.9100346020761245, 0.9108225108225109, 0.9147084421235857, 0.9152838427947598, 0.9159369527145359, 0.9164467897977133], "threshold_recalls": [0.884046052631579, 0.8832236842105263, 0.8824013157894737, 0.881578947368421, 0.881578947368421, 0.8782894736842105, 0.8766447368421053, 0.8741776315789473, 0.8733552631578947, 0.8725328947368421, 0.8725328947368421, 0.8708881578947368, 0.868421052631579, 0.8667763157894737, 0.865953947368421, 0.8651315789473685, 0.8651315789473685, 0.8643092105263158, 0.8618421052631579, 0.8601973684210527, 0.8569078947368421]}