{"f1_accuracy_default": 0.8704883227176221, "pr_accuracy_default": 0.8999122036874452, "rec_accuracy_default": 0.8429276315789473, "auc_score_default": 0.9937629713094346, "thresholds": [0.4, 0.41000000000000003, 0.42, 0.43, 0.44, 0.45, 0.46, 0.47, 0.48, 0.49, 0.5, 0.51, 0.52, 0.53, 0.54, 0.55, 0.56, 0.5700000000000001, 0.58, 0.59, 0.6], "threshold_f1s": [0.8702928870292888, 0.8708053691275168, 0.8714285714285713, 0.8716870004206984, 0.8714707121786768, 0.8711449091677228, 0.8709267879813796, 0.8709267879813796, 0.8712955122777307, 0.8702290076335878, 0.8704883227176221, 0.8707482993197279, 0.8704177323103154, 0.8700854700854701, 0.8681506849315069, 0.8680377035132819, 0.8670668953687821, 0.8678111587982833, 0.8666092943201377, 0.8655425853869434, 0.8658008658008658], "threshold_precs": [0.8858603066439523, 0.8886986301369864, 0.8908934707903781, 0.892334194659776, 0.8936905790838375, 0.895742832319722, 0.8971229293809939, 0.8971229293809939, 0.8979057591623036, 0.8984238178633975, 0.8999122036874452, 0.9014084507042254, 0.9035398230088496, 0.905693950177936, 0.9053571428571429, 0.90608228980322, 0.9059139784946236, 0.90754039497307, 0.9088447653429603, 0.9124886052871468, 0.9140767824497258], "threshold_recalls": [0.8552631578947368, 0.8536184210526315, 0.852796052631579, 0.8519736842105263, 0.850328947368421, 0.8478618421052632, 0.8462171052631579, 0.8462171052631579, 0.8462171052631579, 0.84375, 0.8429276315789473, 0.8421052631578947, 0.8396381578947368, 0.837171052631579, 0.8338815789473685, 0.8330592105263158, 0.8314144736842105, 0.8314144736842105, 0.828125, 0.8231907894736842, 0.8223684210526315]}