{"f1_accuracy_default": 0.8691666666666666, "pr_accuracy_default": 0.8809121621621622, "rec_accuracy_default": 0.8577302631578947, "auc_score_default": 0.9872849119032826, "thresholds": [0.4, 0.41000000000000003, 0.42, 0.43, 0.44, 0.45, 0.46, 0.47, 0.48, 0.49, 0.5, 0.51, 0.52, 0.53, 0.54, 0.55, 0.56, 0.5700000000000001, 0.58, 0.59, 0.6], "threshold_f1s": [0.8627611634575993, 0.8637110016420361, 0.8640657084188912, 0.8638420403126286, 0.8649093904448105, 0.8654004954582989, 0.8679089026915114, 0.8681592039800996, 0.8691316992106356, 0.8692756036636137, 0.8691666666666666, 0.8698915763135947, 0.8694201084689195, 0.8704013377926421, 0.8696016771488471, 0.870479394449117, 0.8702611625947769, 0.8717299578059072, 0.8722504230118443, 0.8733587462939433, 0.8724035608308605], "threshold_precs": [0.8595918367346939, 0.8622950819672132, 0.8630024610336341, 0.8641975308641975, 0.8663366336633663, 0.8689883913764511, 0.8740617180984154, 0.8754180602006689, 0.8782535684298909, 0.8802698145025295, 0.8809121621621622, 0.8824027072758037, 0.882303132938188, 0.8852040816326531, 0.8870829769033362, 0.8907056798623064, 0.8920552677029361, 0.8951473136915078, 0.8980836236933798, 0.9004366812227074, 0.9002624671916011], "threshold_recalls": [0.865953947368421, 0.8651315789473685, 0.8651315789473685, 0.8634868421052632, 0.8634868421052632, 0.8618421052631579, 0.8618421052631579, 0.8610197368421053, 0.8601973684210527, 0.8585526315789473, 0.8577302631578947, 0.8577302631578947, 0.8569078947368421, 0.8560855263157895, 0.852796052631579, 0.8511513157894737, 0.8495065789473685, 0.8495065789473685, 0.8478618421052632, 0.8478618421052632, 0.8462171052631579]}