{"f1_accuracy_default": 0.8475637013857846, "pr_accuracy_default": 0.9285014691478942, "rec_accuracy_default": 0.7796052631578947, "auc_score_default": 0.9934656750845932, "thresholds": [0.4, 0.41000000000000003, 0.42, 0.43, 0.44, 0.45, 0.46, 0.47, 0.48, 0.49, 0.5, 0.51, 0.52, 0.53, 0.54, 0.55, 0.56, 0.5700000000000001, 0.58, 0.59, 0.6], "threshold_f1s": [0.8547968885047537, 0.8536796536796537, 0.8521739130434782, 0.8517872711421098, 0.8497590889180902, 0.8493631971892841, 0.8466960352422906, 0.8471731448763251, 0.8455068614431164, 0.845709204090707, 0.8475637013857846, 0.847427293064877, 0.8454627133872417, 0.8428635749662314, 0.8420577617328521, 0.8405797101449276, 0.8397639582387653, 0.8375056895766955, 0.836147877681424, 0.8356164383561643, 0.8347826086956521], "threshold_precs": [0.900728597449909, 0.9012797074954296, 0.9040590405904059, 0.9063079777365491, 0.9090909090909091, 0.9114043355325165, 0.9117647058823529, 0.9150763358778626, 0.9156279961649089, 0.920619554695063, 0.9285014691478942, 0.929342492639843, 0.9316831683168317, 0.9313432835820895, 0.933, 0.9354838709677419, 0.9371833839918946, 0.9378185524974516, 0.9394871794871795, 0.9394250513347022, 0.9411764705882353], "threshold_recalls": [0.8133223684210527, 0.8108552631578947, 0.805921052631579, 0.803453947368421, 0.7976973684210527, 0.7952302631578947, 0.790296052631579, 0.7886513157894737, 0.7853618421052632, 0.7820723684210527, 0.7796052631578947, 0.7787828947368421, 0.7738486842105263, 0.7697368421052632, 0.7672697368421053, 0.7631578947368421, 0.7606907894736842, 0.756578947368421, 0.7532894736842105, 0.7524671052631579, 0.75]}