{"f1_accuracy_default": 0.786527514231499, "pr_accuracy_default": 0.929372197309417, "rec_accuracy_default": 0.6817434210526315, "auc_score_default": 0.9888136257362636, "thresholds": [0.4, 0.41000000000000003, 0.42, 0.43, 0.44, 0.45, 0.46, 0.47, 0.48, 0.49, 0.5, 0.51, 0.52, 0.53, 0.54, 0.55, 0.56, 0.5700000000000001, 0.58, 0.59, 0.6], "threshold_f1s": [0.8115419296663662, 0.8097826086956521, 0.8083560399636694, 0.8054794520547945, 0.8009174311926606, 0.797602581834947, 0.7938860583603521, 0.7912395153774464, 0.7898923724847917, 0.7896470588235294, 0.786527514231499, 0.7831900668576885, 0.7824007651841225, 0.7833173537871524, 0.7829010566762727, 0.7815206929740135, 0.7810993249758921, 0.7791203479942, 0.7777239709443099, 0.776104905293832, 0.7758872143898882], "threshold_precs": [0.8982035928143712, 0.9012096774193549, 0.9026369168356998, 0.9055441478439425, 0.9056016597510373, 0.9076600209863589, 0.9088016967126193, 0.9129032258064517, 0.9163952225841476, 0.922992299229923, 0.929372197309417, 0.9339407744874715, 0.9348571428571428, 0.9390804597701149, 0.941108545034642, 0.9419953596287703, 0.9440559440559441, 0.9449003516998827, 0.9458186101295641, 0.9478054567022538, 0.9488703923900119], "threshold_recalls": [0.7401315789473685, 0.7351973684210527, 0.7319078947368421, 0.725328947368421, 0.7179276315789473, 0.7113486842105263, 0.7047697368421053, 0.6981907894736842, 0.694078947368421, 0.6899671052631579, 0.6817434210526315, 0.6743421052631579, 0.6726973684210527, 0.671875, 0.6702302631578947, 0.6677631578947368, 0.6661184210526315, 0.662828947368421, 0.6603618421052632, 0.6570723684210527, 0.65625]}