{"f1_accuracy_default": 0.8925895087427144, "pr_accuracy_default": 0.9038785834738617, "rec_accuracy_default": 0.881578947368421, "auc_score_default": 0.9948842846936029, "thresholds": [0.4, 0.41000000000000003, 0.42, 0.43, 0.44, 0.45, 0.46, 0.47, 0.48, 0.49, 0.5, 0.51, 0.52, 0.53, 0.54, 0.55, 0.56, 0.5700000000000001, 0.58, 0.59, 0.6], "threshold_f1s": [0.8906314486174165, 0.8909991742361684, 0.8912773873501446, 0.8907284768211919, 0.8910973084886128, 0.8918358889349356, 0.8909166321028618, 0.8915662650602408, 0.8919368246051538, 0.8919368246051538, 0.8925895087427144, 0.892128279883382, 0.8925000000000001, 0.8928720300125053, 0.8928720300125053, 0.8926931106471817, 0.8921404682274249, 0.891677122542869, 0.8924236082042696, 0.893171344784248, 0.8935456831517185], "threshold_precs": [0.8939519469759735, 0.8946932006633499, 0.8960931005818786, 0.8966666666666666, 0.8974145120934112, 0.8989139515455304, 0.8987447698744769, 0.9009235936188077, 0.9016806722689076, 0.9016806722689076, 0.9038785834738617, 0.9037974683544304, 0.9045608108108109, 0.9053254437869822, 0.9053254437869822, 0.9067005937234945, 0.907312925170068, 0.9072340425531915, 0.9087809036658141, 0.910333048676345, 0.9111111111111111], "threshold_recalls": [0.8873355263157895, 0.8873355263157895, 0.8865131578947368, 0.8848684210526315, 0.8848684210526315, 0.8848684210526315, 0.8832236842105263, 0.8824013157894737, 0.8824013157894737, 0.8824013157894737, 0.881578947368421, 0.8807565789473685, 0.8807565789473685, 0.8807565789473685, 0.8807565789473685, 0.8791118421052632, 0.8774671052631579, 0.8766447368421053, 0.8766447368421053, 0.8766447368421053, 0.8766447368421053]}