{"f1_accuracy_default": 0.8837405223251894, "pr_accuracy_default": 0.9058721934369602, "rec_accuracy_default": 0.8626644736842105, "auc_score_default": 0.9946476490696523, "thresholds": [0.4, 0.41000000000000003, 0.42, 0.43, 0.44, 0.45, 0.46, 0.47, 0.48, 0.49, 0.5, 0.51, 0.52, 0.53, 0.54, 0.55, 0.56, 0.5700000000000001, 0.58, 0.59, 0.6], "threshold_f1s": [0.8856669428334714, 0.8846473029045643, 0.8843594009983361, 0.8849040867389492, 0.8855472013366751, 0.8854515050167225, 0.8840519045625784, 0.8835845896147404, 0.8838574423480084, 0.8831932773109243, 0.8837405223251894, 0.8827993254637437, 0.8830730265934994, 0.8821292775665398, 0.8816568047337279, 0.8805084745762712, 0.8790835808230802, 0.88, 0.8794205368555603, 0.8782571550619394, 0.8769824260608658], "threshold_precs": [0.8923205342237062, 0.8927973199329984, 0.8947811447811448, 0.8976311336717429, 0.8998302207130731, 0.9005102040816326, 0.9002557544757033, 0.9001706484641638, 0.9016253207869974, 0.9029209621993127, 0.9058721934369602, 0.9057093425605537, 0.9071986123156982, 0.9070373588184187, 0.9069565217391304, 0.9082167832167832, 0.9079754601226994, 0.9118165784832452, 0.9124668435013262, 0.9137777777777778, 0.9158460161145927], "threshold_recalls": [0.8791118421052632, 0.8766447368421053, 0.8741776315789473, 0.8725328947368421, 0.8717105263157895, 0.8708881578947368, 0.868421052631579, 0.8675986842105263, 0.8667763157894737, 0.8643092105263158, 0.8626644736842105, 0.8610197368421053, 0.8601973684210527, 0.8585526315789473, 0.8577302631578947, 0.8544407894736842, 0.8519736842105263, 0.850328947368421, 0.8486842105263158, 0.8453947368421053, 0.8412828947368421]}