{"f1_accuracy_default": 0.8994132439228835, "pr_accuracy_default": 0.917094017094017, "rec_accuracy_default": 0.8824013157894737, "auc_score_default": 0.9941813664342675, "thresholds": [0.4, 0.41000000000000003, 0.42, 0.43, 0.44, 0.45, 0.46, 0.47, 0.48, 0.49, 0.5, 0.51, 0.52, 0.53, 0.54, 0.55, 0.56, 0.5700000000000001, 0.58, 0.59, 0.6], "threshold_f1s": [0.8956953642384106, 0.8967233513065118, 0.8974678289746781, 0.8981288981288981, 0.8985024958402662, 0.8996251561849231, 0.8991666666666668, 0.8994576554025866, 0.8996655518394647, 0.898744769874477, 0.8994132439228835, 0.8999999999999999, 0.9003783102143759, 0.9003783102143759, 0.9007569386038689, 0.9001264222503161, 0.8996627318718381, 0.9002535925612849, 0.9001692047377328, 0.8987717069038543, 0.8991525423728813], "threshold_precs": [0.9016666666666666, 0.9046025104602511, 0.9061190276613579, 0.9083263246425568, 0.9090909090909091, 0.9113924050632911, 0.9113175675675675, 0.9127857747671465, 0.9149659863945578, 0.9148211243611585, 0.917094017094017, 0.9201030927835051, 0.9208942390369733, 0.9208942390369733, 0.9216867469879518, 0.9230769230769231, 0.9230103806228374, 0.9260869565217391, 0.926829268292683, 0.9266375545851528, 0.9274475524475524], "threshold_recalls": [0.8898026315789473, 0.8889802631578947, 0.8889802631578947, 0.8881578947368421, 0.8881578947368421, 0.8881578947368421, 0.8873355263157895, 0.8865131578947368, 0.8848684210526315, 0.8832236842105263, 0.8824013157894737, 0.8807565789473685, 0.8807565789473685, 0.8807565789473685, 0.8807565789473685, 0.8782894736842105, 0.8774671052631579, 0.8758223684210527, 0.875, 0.8725328947368421, 0.8725328947368421]}