{"f1_accuracy_default": 0.6206509539842874, "pr_accuracy_default": 0.9770318021201413, "rec_accuracy_default": 0.45476973684210525, "auc_score_default": 0.9631864947883568, "thresholds": [0.4, 0.41000000000000003, 0.42, 0.43, 0.44, 0.45, 0.46, 0.47, 0.48, 0.49, 0.5, 0.51, 0.52, 0.53, 0.54, 0.55, 0.56, 0.5700000000000001, 0.58, 0.59, 0.6], "threshold_f1s": [0.6477644492911668, 0.642504118616145, 0.6368159203980098, 0.626183844011142, 0.620380739081747, 0.6199551569506727, 0.6206509539842874, 0.6206509539842874, 0.6206509539842874, 0.6206509539842874, 0.6206509539842874, 0.6202247191011236, 0.6205733558178752, 0.6205733558178752, 0.6205733558178752, 0.6197975253093363, 0.6197975253093363, 0.6201463140123804, 0.6201463140123804, 0.6201463140123804, 0.6193693693693693], "threshold_precs": [0.9611650485436893, 0.9669421487603306, 0.9713322091062394, 0.9706390328151986, 0.9719298245614035, 0.9735915492957746, 0.9770318021201413, 0.9770318021201413, 0.9770318021201413, 0.9770318021201413, 0.9770318021201413, 0.9787234042553191, 0.9804618117229129, 0.9804618117229129, 0.9804618117229129, 0.9804270462633452, 0.9804270462633452, 0.982174688057041, 0.982174688057041, 0.982174688057041, 0.9821428571428571], "threshold_recalls": [0.48848684210526316, 0.4810855263157895, 0.47368421052631576, 0.4621710526315789, 0.4555921052631579, 0.45476973684210525, 0.45476973684210525, 0.45476973684210525, 0.45476973684210525, 0.45476973684210525, 0.45476973684210525, 0.45394736842105265, 0.45394736842105265, 0.45394736842105265, 0.45394736842105265, 0.453125, 0.453125, 0.453125, 0.453125, 0.453125, 0.45230263157894735]}