{"f1_accuracy_default": 0.8898233809924306, "pr_accuracy_default": 0.9104991394148021, "rec_accuracy_default": 0.8700657894736842, "auc_score_default": 0.9955999436242662, "thresholds": [0.4, 0.41000000000000003, 0.42, 0.43, 0.44, 0.45, 0.46, 0.47, 0.48, 0.49, 0.5, 0.51, 0.52, 0.53, 0.54, 0.55, 0.56, 0.5700000000000001, 0.58, 0.59, 0.6], "threshold_f1s": [0.8913857677902621, 0.8920383493122135, 0.8910229645093946, 0.8910229645093946, 0.8920502092050209, 0.8918692372170998, 0.8913134704154427, 0.8913134704154427, 0.8908480268681781, 0.8899159663865546, 0.8898233809924306, 0.8897306397306397, 0.8903878583473862, 0.890671169269734, 0.8910472972972973, 0.8917089678510999, 0.8917089678510999, 0.891994917407878, 0.8923728813559322, 0.8927511657481983, 0.8922815945716709], "threshold_precs": [0.9022746419545071, 0.904480135249366, 0.9050042408821035, 0.9050042408821035, 0.9080068143100511, 0.9094017094017094, 0.910025706940874, 0.910025706940874, 0.9099485420240138, 0.9097938144329897, 0.9104991394148021, 0.9112068965517242, 0.9134948096885813, 0.9150043365134432, 0.9157986111111112, 0.9181184668989547, 0.9181184668989547, 0.9196506550218341, 0.9204545454545454, 0.9212598425196851, 0.9211908931698775], "threshold_recalls": [0.8807565789473685, 0.8799342105263158, 0.8774671052631579, 0.8774671052631579, 0.8766447368421053, 0.875, 0.8733552631578947, 0.8733552631578947, 0.8725328947368421, 0.8708881578947368, 0.8700657894736842, 0.8692434210526315, 0.868421052631579, 0.8675986842105263, 0.8675986842105263, 0.8667763157894737, 0.8667763157894737, 0.865953947368421, 0.865953947368421, 0.865953947368421, 0.8651315789473685]}