{"f1_accuracy_default": 0.8887949260042284, "pr_accuracy_default": 0.9147084421235857, "rec_accuracy_default": 0.8643092105263158, "auc_score_default": 0.9945381561756029, "thresholds": [0.4, 0.41000000000000003, 0.42, 0.43, 0.44, 0.45, 0.46, 0.47, 0.48, 0.49, 0.5, 0.51, 0.52, 0.53, 0.54, 0.55, 0.56, 0.5700000000000001, 0.58, 0.59, 0.6], "threshold_f1s": [0.8866666666666666, 0.8873121869782972, 0.8874947720618988, 0.8882377563834241, 0.8881441139505657, 0.8879563575325221, 0.887300252312868, 0.8872053872053872, 0.8871103622577928, 0.8882328131590046, 0.8887949260042284, 0.8877594239728928, 0.8875689435723377, 0.8864313058273074, 0.8864313058273074, 0.8873720136518771, 0.887275832621691, 0.8867037195382642, 0.886509635974304, 0.8875536480686695, 0.8865004299226139], "threshold_precs": [0.8986486486486487, 0.9008474576271186, 0.9029787234042553, 0.9045183290707587, 0.9052092228864219, 0.9065981148243359, 0.9079173838209983, 0.9086206896551724, 0.9093264248704663, 0.9116883116883117, 0.9147084421235857, 0.9152838427947598, 0.9167397020157756, 0.9180616740088106, 0.9180616740088106, 0.9219858156028369, 0.9227353463587922, 0.9234194122885129, 0.9249329758713136, 0.9281867145421903, 0.9288288288288288], "threshold_recalls": [0.875, 0.8741776315789473, 0.8725328947368421, 0.8725328947368421, 0.8717105263157895, 0.8700657894736842, 0.8675986842105263, 0.8667763157894737, 0.865953947368421, 0.865953947368421, 0.8643092105263158, 0.8618421052631579, 0.8601973684210527, 0.8569078947368421, 0.8569078947368421, 0.8552631578947368, 0.8544407894736842, 0.852796052631579, 0.8511513157894737, 0.850328947368421, 0.8478618421052632]}