{"f1_accuracy_default": 0.8899006622516558, "pr_accuracy_default": 0.8958333333333334, "rec_accuracy_default": 0.884046052631579, "auc_score_default": 0.994557204660216, "thresholds": [0.4, 0.41000000000000003, 0.42, 0.43, 0.44, 0.45, 0.46, 0.47, 0.48, 0.49, 0.5, 0.51, 0.52, 0.53, 0.54, 0.55, 0.56, 0.5700000000000001, 0.58, 0.59, 0.6], "threshold_f1s": [0.8872549019607843, 0.8876174908050674, 0.8894348894348895, 0.8888888888888888, 0.8890714872637633, 0.888523241464418, 0.8892548373816386, 0.8887056883759274, 0.8892561983471073, 0.8896238114923521, 0.8899006622516558, 0.8889809444904723, 0.8899958488999585, 0.8906444906444908, 0.8912952936276551, 0.8916666666666666, 0.8917676556623485, 0.8911222780569514, 0.8905660377358491, 0.8903821923561528, 0.8902900378310215], "threshold_precs": [0.8814935064935064, 0.8822095857026807, 0.8858075040783034, 0.8863450531479967, 0.8883415435139573, 0.8888888888888888, 0.8903544929925804, 0.8909090909090909, 0.893687707641196, 0.8944305901911886, 0.8958333333333334, 0.8956594323873122, 0.8985750209555742, 0.9007569386038689, 0.9029535864978903, 0.9037162162162162, 0.9065420560747663, 0.9078498293515358, 0.9084687767322498, 0.9098712446351931, 0.9105760963026656], "threshold_recalls": [0.8930921052631579, 0.8930921052631579, 0.8930921052631579, 0.8914473684210527, 0.8898026315789473, 0.8881578947368421, 0.8881578947368421, 0.8865131578947368, 0.8848684210526315, 0.8848684210526315, 0.884046052631579, 0.8824013157894737, 0.881578947368421, 0.8807565789473685, 0.8799342105263158, 0.8799342105263158, 0.8774671052631579, 0.875, 0.8733552631578947, 0.8717105263157895, 0.8708881578947368]}