{"f1_accuracy_default": 0.8890728476821191, "pr_accuracy_default": 0.895, "rec_accuracy_default": 0.8832236842105263, "auc_score_default": 0.9954033223224787, "thresholds": [0.4, 0.41000000000000003, 0.42, 0.43, 0.44, 0.45, 0.46, 0.47, 0.48, 0.49, 0.5, 0.51, 0.52, 0.53, 0.54, 0.55, 0.56, 0.5700000000000001, 0.58, 0.59, 0.6], "threshold_f1s": [0.8882521489971347, 0.8882521489971347, 0.8886158886158886, 0.8878850102669403, 0.8884314532729518, 0.8887973640856673, 0.8895300906842539, 0.8897149938042132, 0.8892561983471073, 0.8887050062060405, 0.8890728476821191, 0.8887966804979254, 0.8891656288916563, 0.8894430590191189, 0.8889812889812889, 0.8897211818560133, 0.8904623073719284, 0.8899082568807338, 0.8902795160617438, 0.8898163606010017, 0.8905597326649959], "threshold_precs": [0.8842705786471068, 0.8842705786471068, 0.8849918433931484, 0.8867924528301887, 0.8895300906842539, 0.8902640264026402, 0.8917355371900827, 0.8937759336099586, 0.893687707641196, 0.8942547876769359, 0.895, 0.8969849246231156, 0.8977367979882649, 0.8991596638655462, 0.8990748528174937, 0.9005897219882055, 0.9021097046413502, 0.9027072758037225, 0.903471634208298, 0.9033898305084745, 0.9049235993208828], "threshold_recalls": [0.8922697368421053, 0.8922697368421053, 0.8922697368421053, 0.8889802631578947, 0.8873355263157895, 0.8873355263157895, 0.8873355263157895, 0.8856907894736842, 0.8848684210526315, 0.8832236842105263, 0.8832236842105263, 0.8807565789473685, 0.8807565789473685, 0.8799342105263158, 0.8791118421052632, 0.8791118421052632, 0.8791118421052632, 0.8774671052631579, 0.8774671052631579, 0.8766447368421053, 0.8766447368421053]}