{"f1_accuracy_default": 0.849911190053286, "pr_accuracy_default": 0.9237451737451737, "rec_accuracy_default": 0.7870065789473685, "auc_score_default": 0.9929668159744288, "thresholds": [0.4, 0.41000000000000003, 0.42, 0.43, 0.44, 0.45, 0.46, 0.47, 0.48, 0.49, 0.5, 0.51, 0.52, 0.53, 0.54, 0.55, 0.56, 0.5700000000000001, 0.58, 0.59, 0.6], "threshold_f1s": [0.8632034632034632, 0.8629661751951431, 0.863102998696219, 0.8601307189542484, 0.8587669435942281, 0.8578947368421053, 0.8563899868247694, 0.8537444933920704, 0.8529801324503311, 0.8514412416851441, 0.849911190053286, 0.8482421005785491, 0.8470798038341507, 0.8445040214477212, 0.8433303491495076, 0.8431899641577061, 0.8412055780476833, 0.8396396396396396, 0.8379232505643341, 0.8361990950226245, 0.8341662880508859], "threshold_precs": [0.9113345521023766, 0.9128440366972477, 0.9152073732718894, 0.9147358665430955, 0.9169000933706816, 0.9191729323308271, 0.9189443920829407, 0.9193548387096774, 0.9208770257387988, 0.9239653512993262, 0.9237451737451737, 0.9243452958292919, 0.9250243427458618, 0.9246575342465754, 0.925343811394892, 0.9261811023622047, 0.9285004965243296, 0.9282868525896414, 0.928928928928929, 0.9295774647887324, 0.9319796954314721], "threshold_recalls": [0.8199013157894737, 0.8182565789473685, 0.8166118421052632, 0.8116776315789473, 0.8075657894736842, 0.8042763157894737, 0.8018092105263158, 0.796875, 0.7944078947368421, 0.7894736842105263, 0.7870065789473685, 0.7837171052631579, 0.78125, 0.7771381578947368, 0.774671052631579, 0.7738486842105263, 0.7689144736842105, 0.7664473684210527, 0.7631578947368421, 0.7598684210526315, 0.7549342105263158]}