{"f1_accuracy_default": 0.8813131313131314, "pr_accuracy_default": 0.9025862068965518, "rec_accuracy_default": 0.8610197368421053, "auc_score_default": 0.9961134978089936, "thresholds": [0.4, 0.41000000000000003, 0.42, 0.43, 0.44, 0.45, 0.46, 0.47, 0.48, 0.49, 0.5, 0.51, 0.52, 0.53, 0.54, 0.55, 0.56, 0.5700000000000001, 0.58, 0.59, 0.6], "threshold_f1s": [0.8816936488169366, 0.8810316139767055, 0.880932556203164, 0.8816666666666666, 0.8823038397328882, 0.8822055137844611, 0.8829431438127091, 0.8832147341984095, 0.8821802935010483, 0.8825503355704699, 0.8813131313131314, 0.8812131423757371, 0.8819561551433389, 0.8819561551433389, 0.8820295983086681, 0.8822033898305086, 0.8820033955857385, 0.881327094853254, 0.8805460750853242, 0.8807182556648141, 0.8800342759211653], "threshold_precs": [0.8901927912824812, 0.8914141414141414, 0.8920741989881956, 0.893581081081081, 0.8957627118644068, 0.8964346349745331, 0.8979591836734694, 0.8994032395566922, 0.8999144568006844, 0.9006849315068494, 0.9025862068965518, 0.9032815198618307, 0.9048442906574394, 0.9048442906574394, 0.9077458659704091, 0.909965034965035, 0.9114035087719298, 0.9127753303964757, 0.9148936170212766, 0.9171861086375779, 0.9186046511627907], "threshold_recalls": [0.8733552631578947, 0.8708881578947368, 0.8700657894736842, 0.8700657894736842, 0.8692434210526315, 0.868421052631579, 0.868421052631579, 0.8675986842105263, 0.8651315789473685, 0.8651315789473685, 0.8610197368421053, 0.8601973684210527, 0.8601973684210527, 0.8601973684210527, 0.8577302631578947, 0.8560855263157895, 0.8544407894736842, 0.8519736842105263, 0.8486842105263158, 0.8470394736842105, 0.8445723684210527]}