{"f1_accuracy_default": 0.8275555555555555, "pr_accuracy_default": 0.9003868471953579, "rec_accuracy_default": 0.765625, "auc_score_default": 0.9922921578301211, "thresholds": [0.4, 0.41000000000000003, 0.42, 0.43, 0.44, 0.45, 0.46, 0.47, 0.48, 0.49, 0.5, 0.51, 0.52, 0.53, 0.54, 0.55, 0.56, 0.5700000000000001, 0.58, 0.59, 0.6], "threshold_f1s": [0.8357050452781373, 0.8360017308524449, 0.8354320451584888, 0.8356521739130436, 0.8350785340314136, 0.8351552251858331, 0.8336989907854323, 0.8323801143862736, 0.831054256726952, 0.8276473194505981, 0.8275555555555555, 0.8250000000000001, 0.8218442256042973, 0.8221024258760107, 0.8196573489630299, 0.8190476190476191, 0.8151875571820677, 0.8132474701011959, 0.8136846971798427, 0.8129930394431554, 0.8108108108108109], "threshold_precs": [0.8785131459655485, 0.8821917808219178, 0.8850045998160073, 0.8865313653136532, 0.8894052044609665, 0.8916900093370682, 0.8936970837253058, 0.8949858088930936, 0.8962892483349191, 0.8972142170989433, 0.9003868471953579, 0.90234375, 0.9017681728880157, 0.905940594059406, 0.907185628742515, 0.9130434782608695, 0.9185567010309278, 0.9227557411273486, 0.9292502639915523, 0.9329073482428115, 0.9354838709677419], "threshold_recalls": [0.796875, 0.7944078947368421, 0.7911184210526315, 0.790296052631579, 0.7870065789473685, 0.7853618421052632, 0.78125, 0.7779605263157895, 0.774671052631579, 0.7680921052631579, 0.765625, 0.7598684210526315, 0.7549342105263158, 0.7524671052631579, 0.7475328947368421, 0.7425986842105263, 0.7327302631578947, 0.7269736842105263, 0.7236842105263158, 0.7203947368421053, 0.7154605263157895]}