{"f1_accuracy_default": 0.8761099365750528, "pr_accuracy_default": 0.9016536118363795, "rec_accuracy_default": 0.8519736842105263, "auc_score_default": 0.9949967230863669, "thresholds": [0.4, 0.41000000000000003, 0.42, 0.43, 0.44, 0.45, 0.46, 0.47, 0.48, 0.49, 0.5, 0.51, 0.52, 0.53, 0.54, 0.55, 0.56, 0.5700000000000001, 0.58, 0.59, 0.6], "threshold_f1s": [0.869313482216708, 0.8707539353769678, 0.8728179551122194, 0.8704706372344856, 0.8719232373800583, 0.8717091516924363, 0.8728033472803347, 0.8736886277801091, 0.8751576292559899, 0.8764234500210881, 0.8761099365750528, 0.8769100169779288, 0.8763280917977051, 0.8747870528109029, 0.8740930431071275, 0.8737697903294823, 0.872852233676976, 0.8725236864771749, 0.8720379146919431, 0.8723037100949094, 0.8705067128627112], "threshold_precs": [0.8743760399334443, 0.8772954924874792, 0.8823529411764706, 0.8818565400843882, 0.8848433530906011, 0.8861512319456245, 0.8884156729131175, 0.8920308483290489, 0.8950988822012038, 0.8995670995670996, 0.9016536118363795, 0.906140350877193, 0.9067722075637643, 0.907243816254417, 0.9086069210292813, 0.9107939339875112, 0.9136690647482014, 0.9159132007233273, 0.9158371040723982, 0.9174228675136116, 0.9194876486733761], "threshold_recalls": [0.8643092105263158, 0.8643092105263158, 0.8634868421052632, 0.859375, 0.859375, 0.8577302631578947, 0.8577302631578947, 0.8560855263157895, 0.8560855263157895, 0.8544407894736842, 0.8519736842105263, 0.8495065789473685, 0.8478618421052632, 0.8445723684210527, 0.8421052631578947, 0.8396381578947368, 0.8355263157894737, 0.8330592105263158, 0.8322368421052632, 0.8314144736842105, 0.8264802631578947]}