{"f1_accuracy_default": 0.862023653088042, "pr_accuracy_default": 0.922211808809747, "rec_accuracy_default": 0.8092105263157895, "auc_score_default": 0.9929256901433166, "thresholds": [0.4, 0.41000000000000003, 0.42, 0.43, 0.44, 0.45, 0.46, 0.47, 0.48, 0.49, 0.5, 0.51, 0.52, 0.53, 0.54, 0.55, 0.56, 0.5700000000000001, 0.58, 0.59, 0.6], "threshold_f1s": [0.8599741490736751, 0.8598533850797758, 0.8581314878892734, 0.8583802511909918, 0.8597481545809814, 0.8601216333622937, 0.8603740756850806, 0.8608809419973834, 0.8607594936708861, 0.8608923884514436, 0.862023653088042, 0.8622807017543859, 0.8621597892888498, 0.8629173989455184, 0.8617957746478875, 0.8606701940035274, 0.8600441501103753, 0.8584070796460176, 0.8577758085954807, 0.8557478916999555, 0.8544726301735648], "threshold_precs": [0.9031674208144796, 0.9038984587488668, 0.9051094890510949, 0.9066788655077768, 0.9107635694572217, 0.9116022099447514, 0.9132040627885504, 0.9164345403899722, 0.9172093023255814, 0.9196261682242991, 0.922211808809747, 0.9238721804511278, 0.9246704331450094, 0.9264150943396227, 0.9270833333333334, 0.9277566539923955, 0.9285033365109628, 0.9291187739463601, 0.9298751200768491, 0.9296046287367405, 0.9311348205625606], "threshold_recalls": [0.8207236842105263, 0.8199013157894737, 0.8157894736842105, 0.8149671052631579, 0.8141447368421053, 0.8141447368421053, 0.8133223684210527, 0.8116776315789473, 0.8108552631578947, 0.8092105263157895, 0.8092105263157895, 0.8083881578947368, 0.8075657894736842, 0.8075657894736842, 0.8050986842105263, 0.8026315789473685, 0.8009868421052632, 0.7976973684210527, 0.7960526315789473, 0.7927631578947368, 0.7894736842105263]}