{"f1_accuracy_default": 0.8897119341563785, "pr_accuracy_default": 0.8904448105436573, "rec_accuracy_default": 0.8889802631578947, "auc_score_default": 0.9954875144940767, "thresholds": [0.4, 0.41000000000000003, 0.42, 0.43, 0.44, 0.45, 0.46, 0.47, 0.48, 0.49, 0.5, 0.51, 0.52, 0.53, 0.54, 0.55, 0.56, 0.5700000000000001, 0.58, 0.59, 0.6], "threshold_f1s": [0.8882544861337685, 0.8877092690894242, 0.8877092690894242, 0.8879803761242846, 0.8887070376432078, 0.8886158886158886, 0.8889799262597297, 0.8897088970889709, 0.8910809699958898, 0.8901686548745371, 0.8897119341563785, 0.8903544929925804, 0.8901734104046244, 0.8904505994212485, 0.8903599503516756, 0.8903599503516756, 0.8910070451719851, 0.8905472636815921, 0.8904564315352697, 0.8902743142144639, 0.8902743142144639], "threshold_precs": [0.8810679611650486, 0.8815896188158961, 0.8815896188158961, 0.8829268292682927, 0.8843648208469055, 0.8849918433931484, 0.8857142857142857, 0.8871627146361406, 0.8907148726376335, 0.8905349794238683, 0.8904448105436573, 0.8925619834710744, 0.8938640132669984, 0.8952618453865336, 0.8959200666111574, 0.8959200666111574, 0.898078529657477, 0.8979933110367893, 0.8986599664991625, 0.9, 0.9], "threshold_recalls": [0.8955592105263158, 0.8939144736842105, 0.8939144736842105, 0.8930921052631579, 0.8930921052631579, 0.8922697368421053, 0.8922697368421053, 0.8922697368421053, 0.8914473684210527, 0.8898026315789473, 0.8889802631578947, 0.8881578947368421, 0.8865131578947368, 0.8856907894736842, 0.8848684210526315, 0.8848684210526315, 0.884046052631579, 0.8832236842105263, 0.8824013157894737, 0.8807565789473685, 0.8807565789473685]}